Zipcode,City,County,State,Country,Timezone
01462-1265,Lunenburg,Worcester,MA,US,US/Eastern
01463-1285,Pepperell,Middlesex,MA,US,US/Eastern
01607-1717,Worcester,Worcester,MA,US,US/Eastern
01610-1021,Worcester,Worcester,MA,US,US/Eastern
01801-3648,Woburn,Middlesex,MA,US,US/Eastern
01821-3632,Billerica,Middlesex,MA,US,US/Eastern
01824-4155,Chelmsford,Middlesex,MA,US,US/Eastern
01832-2548,Haverhill,Essex,MA,US,US/Eastern
01844-6551,Methuen,Essex,MA,US,US/Eastern
01862-2503,North Billerica,Middlesex,MA,US,US/Eastern
01876-2235,Tewksbury,Middlesex,MA,US,US/Eastern
01904-1635,Lynn,Essex,MA,US,US/Eastern
01915-3234,Beverly,Essex,MA,US,US/Eastern
02026-1929,Dedham,Norfolk,MA,US,US/Eastern
02053,Medway,Norfolk,MA,US,US/Eastern
02053-1571,Medway,Norfolk,MA,US,US/Eastern
02090,Westwood,Norfolk,MA,US,US/Eastern
02115-6111,Boston,Suffolk,MA,US,US/Eastern
02119-3366,Roxbury,Suffolk,MA,US,US/Eastern
02124-5437,Dorchester Center,Suffolk,MA,US,US/Eastern
02129-1032,Charlestown,Suffolk,MA,US,US/Eastern
02151-3711,Revere,Suffolk,MA,US,US/Eastern
02169-1963,Quincy,Norfolk,MA,US,US/Eastern
02184-5437,Braintree,Norfolk,MA,US,US/Eastern
02302-2731,Brockton,Plymouth,MA,US,US/Eastern
02360-1598,Plymouth,Plymouth,MA,US,US/Eastern
02360-3257,Plymouth,Plymouth,MA,US,US/Eastern
02446-5710,Brookline,Norfolk,MA,US,US/Eastern
02453-1468,Waltham,Middlesex,MA,US,US/Eastern
02453-3407,Waltham,Middlesex,MA,US,US/Eastern
02459-2740,Newton Center,Middlesex,MA,US,US/Eastern
02465-2806,West Newton,Middlesex,MA,US,US/Eastern
02466-1804,Auburndale,Middlesex,MA,US,US/Eastern
02466-3016,Auburndale,Middlesex,MA,US,US/Eastern
02537-1613,East Sandwich,Barnstable,MA,US,US/Eastern
02601-3420,Hyannis,Barnstable,MA,US,US/Eastern
02760-1316,North Attleboro,Bristol,MA,US,US/Eastern
02860-1216,Pawtucket,Providence,RI,US,US/Eastern
02863-1747,Central Falls,Providence,RI,US,US/Eastern
03049-6263,Hollis,Hillsborough,NH,US,US/Eastern
03076-3376,Pelham,Hillsborough,NH,US,US/Eastern
03104-4078,Manchester,Hillsborough,NH,US,US/Eastern
03220-4233,Belmont,Belknap,NH,US,US/Eastern
03275-2910,Pembroke,Merrimack,NH,US,US/Eastern
03431-4612,Keene,Cheshire,NH,US,US/Eastern
03442,Bennington,Hillsborough,NH,US,US/Eastern
03809-4867,Alton,Belknap,NH,US,US/Eastern
03904,Kittery,York,ME,US,US/Eastern
05363-7944,Wilmington,Windham,VT,US,US/Eastern
06029-2821,Ellington,Tolland,CT,US,US/Eastern
06106-2225,Hartford,Hartford,CT,US,US/Eastern
06231-1639,Amston,Tolland,CT,US,US/Eastern
06239-2719,Danielson,Windham,CT,US,US/Eastern
06239-3714,Danielson,Windham,CT,US,US/Eastern
06351-1628,Jewett City,New London,CT,US,US/Eastern
06382,Uncasville,New London,CT,US,US/Eastern
06451-2842,Meriden,New Haven,CT,US,US/Eastern
06451-7633,Meriden,New Haven,CT,US,US/Eastern
06478-1103,Oxford,New Haven,CT,US,US/Eastern
06511-3969,New Haven,New Haven,CT,US,US/Eastern
06518,Hamden,New Haven,CT,US,US/Eastern
06754-1210,Cornwall Bridge,Litchfield,CT,US,US/Eastern
06791-1217,Harwinton,Litchfield,CT,US,US/Eastern
06825-5541,Fairfield,Fairfield,CT,US,US/Eastern
07041-1304,Millburn,Essex,NJ,US,US/Eastern
07054-2314,Parsippany,Morris,NJ,US,US/Eastern
07063-1037,Plainfield,Union,NJ,US,US/Eastern
07072-1029,Carlstadt,Bergen,NJ,US,US/Eastern
07401-1718,Allendale,Bergen,NJ,US,US/Eastern
07470-6923,Wayne,Passaic,NJ,US,US/Eastern
07501-2419,Paterson,Passaic,NJ,US,US/Eastern
07823-2742,Belvidere,Warren,NJ,US,US/Eastern
07825-4103,Blairstown,Warren,NJ,US,US/Eastern
07825-9541,Hardwick,Warren,NJ,US,US/Eastern
07838-2333,Great Meadows,Warren,NJ,US,US/Eastern
07869-2011,Randolph,Morris,NJ,US,US/Eastern
07928-1406,Chatham,Morris,NJ,US,US/Eastern
07960-7333,Morristown,Morris,NJ,US,US/Eastern
08009-9681,Berlin,Camden,NJ,US,US/Eastern
08012-4601,Blackwood,Camden,NJ,US,US/Eastern
08037-9630,Hammonton,Atlantic,NJ,US,US/Eastern
08067-3023,Pedricktown,Salem,NJ,US,US/Eastern
08079-9326,Salem,Salem,NJ,US,US/Eastern
08270-9606,Woodbine,Atlantic,NJ,US,US/Eastern
08540-5914,Princeton,Mercer,NJ,US,US/Eastern
08550-1927,Princeton Junction,Mercer,NJ,US,US/Eastern
08611-1806,Trenton,Mercer,NJ,US,US/Eastern
08648,Lawrence Township,Mercer,NJ,US,US/Eastern
08733-3100,Lakehurst,Ocean,NJ,US,US/Eastern
08854-4813,Piscataway,Middlesex,NJ,US,US/Eastern
10001-3202,New York,New York,NY,US,US/Eastern
10013-2226,New York,New York,NY,US,US/Eastern
10038-1013,New York,New York,NY,US,US/Eastern
10305-4560,Staten Island,Richmond,NY,US,US/Eastern
10306-3845,Staten Island,Richmond,NY,US,US/Eastern
10308-3342,Staten Island,Richmond,NY,US,US/Eastern
10310-1127,Staten Island,Richmond,NY,US,US/Eastern
10463-7603,Bronx,Bronx,NY,US,US/Eastern
10469-1148,Bronx,Bronx,NY,US,US/Eastern
10469-5938,Bronx,Bronx,NY,US,US/Eastern
10472-5437,Bronx,Bronx,NY,US,US/Eastern
10473-1106,Bronx,Bronx,NY,US,US/Eastern
10509-3305,Brewster,Putnam,NY,US,US/Eastern
10590-2327,South Salem,Westchester,NY,US,US/Eastern
10701-1212,Yonkers,Westchester,NY,US,US/Eastern
10994-1726,West Nyack,Rockland,NY,US,US/Eastern
11215-5939,Brooklyn,Kings,NY,US,US/Eastern
11230-6207,Brooklyn,Kings,NY,US,US/Eastern
11233-3308,Brooklyn,Kings,NY,US,US/Eastern
11358-1722,Flushing,Queens,NY,US,US/Eastern
11419-1901,South Richmond Hill,Queens,NY,US,US/Eastern
11550-7438,Hempstead,Nassau,NY,US,US/Eastern
11563,Lynbrook,Nassau,NY,US,US/Eastern
11570-5101,Rockville Centre,Nassau,NY,US,US/Eastern
11704-4110,West Babylon,Suffolk,NY,US,US/Eastern
11710-2214,Bellmore,Nassau,NY,US,US/Eastern
11717-1283,Brentwood,Suffolk,NY,US,US/Eastern
11722,Central Islip,Suffolk,NY,US,US/Eastern
11726-4937,Copiague,Suffolk,NY,US,US/Eastern
11738-1448,Farmingville,Suffolk,NY,US,US/Eastern
11746-1853,Huntington Station,Suffolk,NY,US,US/Eastern
11749-5224,Islandia,Suffolk,NY,US,US/Eastern
11752-3025,Islip Terrace,Suffolk,NY,US,US/Eastern
11758-6217,Massapequa,Nassau,NY,US,US/Eastern
11772-2293,Patchogue,Suffolk,NY,US,US/Eastern
11779-6918,Ronkonkoma,Suffolk,NY,US,US/Eastern
11780-1404,Saint James,Suffolk,NY,US,US/Eastern
11933-1605,Calverton,Suffolk,NY,US,US/Eastern
11933-4103,Calverton,Suffolk,NY,US,US/Eastern
11968-4110,Southampton,Suffolk,NY,US,US/Eastern
12182-3803,Troy,Rensselaer,NY,US,US/Eastern
12205-2404,Albany,Albany,NY,US,US/Eastern
12528-2638,Highland,Ulster,NY,US,US/Eastern
12529,Hillsdale,Columbia,NY,US,US/Eastern
12545-6301,Millbrook,Dutchess,NY,US,US/Eastern
12569-7055,Pleasant Valley,Dutchess,NY,US,US/Eastern
12590-1357,Wappingers Falls,Dutchess,NY,US,US/Eastern
12901-1701,Plattsburgh,Clinton,NY,US,US/Eastern
12966-2832,North Bangor,Franklin,NY,US,US/Eastern
13054-3109,Durhamville,Oneida,NY,US,US/Eastern
13208-1305,Syracuse,Onondaga,NY,US,US/Eastern
13208-3031,Syracuse,Onondaga,NY,US,US/Eastern
13308-2916,Blossvale,Oneida,NY,US,US/Eastern
13308-3501,Blossvale,Oneida,NY,US,US/Eastern
13316-3821,Camden,Oneida,NY,US,US/Eastern
13319-3517,Chadwicks,Oneida,NY,US,US/Eastern
13328-1016,Deansboro,Oneida,NY,US,US/Eastern
13441-4922,Rome,Oneida,NY,US,US/Eastern
13501-4145,Utica,Oneida,NY,US,US/Eastern
13502-2310,Utica,Oneida,NY,US,US/Eastern
13865,Windsor,Broome,NY,US,US/Eastern
14059-9479,Elma,Erie,NY,US,US/Eastern
14204,Buffalo,Erie,NY,US,US/Eastern
14468-9727,Hilton,Monroe,NY,US,US/Eastern
14502-9413,Macedon,Wayne,NY,US,US/Eastern
14543-9771,Rush,Monroe,NY,US,US/Eastern
14586-9624,West Henrietta,Monroe,NY,US,US/Eastern
14607-3732,Rochester,Monroe,NY,US,US/Eastern
14608-1215,Rochester,Monroe,NY,US,US/Eastern
14608-1508,Rochester,Monroe,NY,US,US/Eastern
14609-3119,Rochester,Monroe,NY,US,US/Eastern
14611-1542,Rochester,Monroe,NY,US,US/Eastern
14611-2509,Rochester,Monroe,NY,US,US/Eastern
14613-1803,Rochester,Monroe,NY,US,US/Eastern
14616-4511,Rochester,Monroe,NY,US,US/Eastern
14619-1117,Rochester,Monroe,NY,US,US/Eastern
14620-1403,Rochester,Monroe,NY,US,US/Eastern
14620-4223,Rochester,Monroe,NY,US,US/Eastern
14624-4135,Rochester,Monroe,NY,US,US/Eastern
14626-3039,Rochester,Monroe,NY,US,US/Eastern
14748-9734,Kill Buck,Cattaraugus,NY,US,US/Eastern
15068-9234,New Kensington,Allegheny,PA,US,US/Eastern
15116-2341,Glenshaw,Allegheny,PA,US,US/Eastern
15120-1516,Homestead,Allegheny,PA,US,US/Eastern
15122-3554,West Mifflin,Allegheny,PA,US,US/Eastern
15131-1318,White Oak,Allegheny,PA,US,US/Eastern
15210-2253,Pittsburgh,Allegheny,PA,US,US/Eastern
15220-3030,Pittsburgh,Allegheny,PA,US,US/Eastern
15221-4211,Pittsburgh,Allegheny,PA,US,US/Eastern
15601-6498,Greensburg,Westmoreland,PA,US,US/Eastern
15668-1805,Murrysville,Westmoreland,PA,US,US/Eastern
15697-1310,Youngwood,Westmoreland,PA,US,US/Eastern
15757-6608,Mahaffey,Clearfield,PA,US,US/Eastern
15825-9475,Brookville,Jefferson,PA,US,US/Eastern
15853-6317,Ridgway,Elk,PA,US,US/Eastern
16025-2606,Chicora,Butler,PA,US,US/Eastern
16866-3125,Philipsburg,Centre,PA,US,US/Eastern
17028-8704,Grantville,Dauphin,PA,US,US/Eastern
17042-5112,Lebanon,Lebanon,PA,US,US/Eastern
17042-7803,Lebanon,Lebanon,PA,US,US/Eastern
17046-3380,Lebanon,Lebanon,PA,US,US/Eastern
17046-3652,Lebanon,Lebanon,PA,US,US/Eastern
17067-1804,Myerstown,Berks,PA,US,US/Eastern
17067-1829,Myerstown,Lebanon,PA,US,US/Eastern
17313-1709,Dallastown,York,PA,US,US/Eastern
17325-1120,Gettysburg,Adams,PA,US,US/Eastern
17339-9515,Lewisberry,York,PA,US,US/Eastern
17344-1802,Mc Sherrystown,Adams,PA,US,US/Eastern
17350-9553,New Oxford,Adams,PA,US,US/Eastern
17356-8934,Red Lion,York,PA,US,US/Eastern
17362-9188,Spring Grove,York,PA,US,US/Eastern
17362-9190,Spring Grove,York,PA,US,US/Eastern
17366-8503,Windsor,York,PA,US,US/Eastern
17401,York,York,PA,US,US/Eastern
17404-1970,York,York,PA,US,US/Eastern
17404-3102,York,York,PA,US,US/Eastern
17408-8735,York,York,PA,US,US/Eastern
17517-9326,Denver,Lancaster,PA,US,US/Eastern
17522-1329,Ephrata,Lancaster,PA,US,US/Eastern
17522-1971,Ephrata,Lancaster,PA,US,US/Eastern
17540-1321,Leola,Lancaster,PA,US,US/Eastern
17545-8365,Manheim,Lancaster,PA,US,US/Eastern
17552-1124,Mount Joy,Lancaster,PA,US,US/Eastern
17552-2938,Mount Joy,Lancaster,PA,US,US/Eastern
17552-3128,Mount Joy,Lancaster,PA,US,US/Eastern
17554-1811,Mountville,Lancaster,PA,US,US/Eastern
17557-1122,New Holland,Lancaster,PA,US,US/Eastern
17566-9599,Quarryville,Lancaster,PA,US,US/Eastern
17584-9462,Willow Street,Lancaster,PA,US,US/Eastern
17601-3117,Lancaster,Lancaster,PA,US,US/Eastern
17602-3520,Lancaster,Lancaster,PA,US,US/Eastern
17603-2720,Lancaster,Lancaster,PA,US,US/Eastern
17603-4804,Lancaster,Lancaster,PA,US,US/Eastern
17872-5625,Shamokin,Northumberland,PA,US,US/Eastern
18041-1615,East Greenville,Montgomery,PA,US,US/Eastern
18054-9555,Green Lane,Montgomery,PA,US,US/Eastern
18634,Nanticoke,Luzerne,PA,US,US/Eastern
19001-3610,Abington,Montgomery,PA,US,US/Eastern
19002-2821,Ambler,Montgomery,PA,US,US/Eastern
19002-4725,Ambler,Montgomery,PA,US,US/Eastern
19025-1215,Dresher,Montgomery,PA,US,US/Eastern
19027-2745,Elkins Park,Montgomery,PA,US,US/Eastern
19038-1425,Glenside,Montgomery,PA,US,US/Eastern
19038-7649,Glenside,Montgomery,PA,US,US/Eastern
19040-2835,Hatboro,Montgomery,PA,US,US/Eastern
19090-2507,Willow Grove,Montgomery,PA,US,US/Eastern
19095,Wyncote,Montgomery,PA,US,US/Eastern
19132,Philadelphia,Philadelphia,PA,US,US/Eastern
19405-1602,Bridgeport,Montgomery,PA,US,US/Eastern
19426-3833,Collegeville,Montgomery,PA,US,US/Eastern
19428-1016,Conshohocken,Montgomery,PA,US,US/Eastern
19446-4202,Lansdale,Montgomery,PA,US,US/Eastern
19446-4250,Lansdale,Montgomery,PA,US,US/Eastern
19462-2530,Plymouth Meeting,Montgomery,PA,US,US/Eastern
19522-9382,Fleetwood,Berks,PA,US,US/Eastern
19525-9574,Gilbertsville,Montgomery,PA,US,US/Eastern
19555-9455,Shoemakersville,Berks,PA,US,US/Eastern
19720-4611,New Castle,New Castle,DE,US,US/Eastern
19801-1309,Wilmington,New Castle,DE,US,US/Eastern
19801-2433,Wilmington,New Castle,DE,US,US/Eastern
19801-3622,Wilmington,New Castle,DE,US,US/Eastern
19801-4704,Wilmington,New Castle,DE,US,US/Eastern
19804-3416,Wilmington,New Castle,DE,US,US/Eastern
19901-4422,Dover,Kent,DE,US,US/Eastern
19966-3093,Millsboro,Sussex,DE,US,US/Eastern
20003-1255,Washington,District of Columbia,DC,US,US/Eastern
20003-4211,Washington,District Of Columbia,DC,US,US/Eastern
20011-1702,Washington,District Of Columbia,DC,US,US/Eastern
20011-3612,Washington,District Of Columbia,DC,US,US/Eastern
20132-3024,Purcellville,Loudoun,VA,US,US/Eastern
20132-3108,Purcellville,Loudoun,VA,US,US/Eastern
20152-1378,Chantilly,Loudoun,VA,US,US/Eastern
20158,Hamilton,Loudoun,VA,US,US/Eastern
20164-2534,Sterling,Loudoun,VA,US,US/Eastern
20165-5623,Sterling,Loudoun,VA,US,US/Eastern
20166-6521,Sterling,Loudoun,VA,US,US/Eastern
20166-9411,Sterling,Loudoun,VA,US,US/Eastern
20175-4603,Leesburg,Loudoun,VA,US,US/Eastern
20175-4615,Leesburg,Loudoun,VA,US,US/Eastern
20817-2341,Bethesda,Montgomery,MD,US,US/Eastern
20852-3905,Rockville,Montgomery,MD,US,US/Eastern
20868,Spencerville,Montgomery,MD,US,US/Eastern
20877-3074,Gaithersburg,Montgomery,MD,US,US/Eastern
20906-1160,Silver Spring,Montgomery,MD,US,US/Eastern
21014-5199,Bel Air,Harford,MD,US,US/Eastern
21028-1809,Churchville,Harford,MD,US,US/Eastern
21043-6902,Ellicott City,Howard,MD,US,US/Eastern
21048-1302,Finksburg,Carroll,MD,US,US/Eastern
21078-2502,Havre De Grace,Harford,MD,US,US/Eastern
21085-3201,Joppa,Harford,MD,US,US/Eastern
21104-1327,Marriottsville,Howard,MD,US,US/Eastern
21163-1308,Woodstock,Howard,MD,US,US/Eastern
21212-4309,Baltimore,Baltimore City,MD,US,US/Eastern
21215-6737,Baltimore,Baltimore City,MD,US,US/Eastern
21244-2701,Windsor Mill,Baltimore,MD,US,US/Eastern
21401-6406,Annapolis,Anne Arundel,MD,US,US/Eastern
21539-1225,Lonaconing,Allegany,MD,US,US/Eastern
21601-7405,Easton,Talbot,MD,US,US/Eastern
21613-3403,Cambridge,Dorchester,MD,US,US/Eastern
21629-3468,Denton,Caroline,MD,US,US/Eastern
21740-5924,Hagerstown,Washington,MD,US,US/Eastern
21770-9705,Monrovia,Frederick,MD,US,US/Eastern
21771-5422,Mount Airy,Frederick,MD,US,US/Eastern
21783,Smithsburg,Washington,MD,US,US/Eastern
22030-5610,Fairfax,Fairfax City,VA,US,US/Eastern
22102-1204,Mc Lean,Fairfax,VA,US,US/Eastern
22150-2216,Springfield,Fairfax County,VA,US,US/Eastern
22182-1332,Vienna,Fairfax County,VA,US,US/Eastern
22213-1002,Arlington,Arlington,VA,US,US/Eastern
22485-4043,King George,King George,VA,US,US/Eastern
22602-7316,Winchester,Frederick,VA,US,US/Eastern
22625-1500,Cross Junction,Frederick,VA,US,US/Eastern
22712-7937,Bealeton,Fauquier,VA,US,US/Eastern
22801-3036,Harrisonburg,Harrisonburg,VA,US,US/Eastern
22827-3911,Elkton,Rockingham,VA,US,US/Eastern
23055-2077,Fork Union,Fluvanna,VA,US,US/Eastern
23060-2834,Glen Allen,Henrico,VA,US,US/Eastern
23060-6119,Glen Allen,Henrico,VA,US,US/Eastern
23061-4186,Gloucester,Gloucester,VA,US,US/Eastern
23150-6309,Sandston,Henrico,VA,US,US/Eastern
23219-3708,Richmond,Richmond City,VA,US,US/Eastern
23219-3916,Richmond,Richmond City,VA,US,US/Eastern
23220-5612,Richmond,Richmond City,VA,US,US/Eastern
23222-3023,Richmond,Richmond City,VA,US,US/Eastern
23223-6929,Richmond,Richmond City,VA,US,US/Eastern
23224-7008,Richmond,Richmond City,VA,US,US/Eastern
23225-1608,Richmond,Richmond City,VA,US,US/Eastern
23228-5215,Henrico,Henrico,VA,US,US/Eastern
23230-3403,Richmond,Henrico,VA,US,US/Eastern
23231-3716,Richmond,Richmond City,VA,US,US/Eastern
23234-2243,North Chesterfield,Chesterfield,VA,US,US/Eastern
23235-6011,North Chesterfield,Chesterfield,VA,US,US/Eastern
23236-3350,North Chesterfield,Chesterfield,VA,US,US/Eastern
23284-9013,Richmond,Richmond City,VA,US,US/Eastern
23294-5333,Henrico,Henrico,VA,US,US/Eastern
23434-3736,Suffolk,Suffolk,VA,US,US/Eastern
23452-2430,Virginia Beach,Virginia Beach,VA,US,US/Eastern
23502-3901,Norfolk,Norfolk,VA,US,US/Eastern
23803-1655,South Chesterfield,Chesterfield,VA,US,US/Eastern
23821-2822,Alberta,Brunswick,VA,US,US/Eastern
23832-7279,Chesterfield,Chesterfield,VA,US,US/Eastern
23838-4178,Chesterfield,Chesterfield,VA,US,US/Eastern
23843,Dolphin,Brunswick,VA,US,US/Eastern
24011-1205,Roanoke,Roanoke City,VA,US,US/Eastern
24017-1704,Roanoke,Roanoke City,VA,US,US/Eastern
24091-2864,Floyd,Floyd,VA,US,US/Eastern
24175-6693,Troutville,Botetourt,VA,US,US/Eastern
24504,Lynchburg,Campbell,VA,US,US/Eastern
24574-2749,Monroe,Amherst,VA,US,US/Eastern
25555,Prichard,Wayne,WV,US,US/Eastern
26884-7013,Seneca Rocks,Pendleton,WV,US,US/Eastern
27317,Randleman,Randolph,NC,US,US/Eastern
27358-9761,Summerfield,Guilford,NC,US,US/Eastern
27401-2623,Greensboro,Guilford,NC,US,US/Eastern
27401-4505,Greensboro,Guilford,NC,US,US/Eastern
27403-1732,Greensboro,Guilford,NC,US,US/Eastern
27403-3141,Greensboro,Guilford,NC,US,US/Eastern
27407-5219,Greensboro,Guilford,NC,US,US/Eastern
27409-2624,Greensboro,Guilford,NC,US,US/Eastern
27502-7787,Apex,Wake,NC,US,US/Eastern
27511-4725,Cary,Wake,NC,US,US/Eastern
27526-8409,Fuquay Varina,Wake,NC,US,US/Eastern
27526-9665,Fuquay Varina,Wake,NC,US,US/Eastern
27529-2524,Garner,Wake,NC,US,US/Eastern
27529-3162,Garner,Wake,NC,US,US/Eastern
27529-3621,Garner,Wake,NC,US,US/Eastern
27540-7694,Holly Springs,Wake,NC,US,US/Eastern
27545-8832,Knightdale,Wake,NC,US,US/Eastern
27572-7207,Rougemont,Durham,NC,US,US/Eastern
27587-9564,Wake Forest,Wake,NC,US,US/Eastern
27597-7999,Zebulon,Wake,NC,US,US/Eastern
27601-2031,Raleigh,Wake,NC,US,US/Eastern
27603-5522,Raleigh,Wake,NC,US,US/Eastern
27604-1422,Raleigh,Wake,NC,US,US/Eastern
27606-2964,Raleigh,Wake,NC,US,US/Eastern
27607-3914,Raleigh,Wake,NC,US,US/Eastern
27608-1300,Raleigh,Wake,NC,US,US/Eastern
27608-1541,Raleigh,Wake,NC,US,US/Eastern
27608-1927,Raleigh,Wake,NC,US,US/Eastern
27609-4011,Raleigh,Wake,NC,US,US/Eastern
27609-4415,Raleigh,Wake,NC,US,US/Eastern
27609-5712,Raleigh,Wake,NC,US,US/Eastern
27609-7721,Raleigh,Wake,NC,US,US/Eastern
27610-3744,Raleigh,Wake,NC,US,US/Eastern
27610-4458,Raleigh,Wake,NC,US,US/Eastern
27610-6275,Raleigh,Wake,NC,US,US/Eastern
27612-2309,Raleigh,Wake,NC,US,US/Eastern
27612-6820,Raleigh,Wake,NC,US,US/Eastern
27615-3223,Raleigh,Wake,NC,US,US/Eastern
28078-7239,Huntersville,Mecklenburg,NC,US,US/Eastern
28098-1570,Lowell,Gaston,NC,US,US/Eastern
28117,Mooresville,Iredell,NC,US,US/Eastern
28135,Polkton,Anson,NC,US,US/Eastern
28202-1830,Charlotte,Mecklenburg,NC,US,US/Eastern
28202-2611,Charlotte,Mecklenburg,NC,US,US/Eastern
28203-4506,Charlotte,Mecklenburg,NC,US,US/Eastern
28203-5240,Charlotte,Mecklenburg,NC,US,US/Eastern
28205-2137,Charlotte,Mecklenburg,NC,US,US/Eastern
28205-5635,Charlotte,Mecklenburg,NC,US,US/Eastern
28206-2058,Charlotte,Mecklenburg,NC,US,US/Eastern
28207-2140,Charlotte,Mecklenburg,NC,US,US/Eastern
28208-2071,Charlotte,Mecklenburg,NC,US,US/Eastern
28208-3702,Charlotte,Mecklenburg,NC,US,US/Eastern
28209-1535,Charlotte,Mecklenburg,NC,US,US/Eastern
28209-1802,Charlotte,Mecklenburg,NC,US,US/Eastern
28209-2333,Charlotte,Mecklenburg,NC,US,US/Eastern
28209-3647,Charlotte,Mecklenburg,NC,US,US/Eastern
28212-2309,Charlotte,Mecklenburg,NC,US,US/Eastern
28213-9215,Charlotte,Mecklenburg,NC,US,US/Eastern
28214-1798,Charlotte,Mecklenburg,NC,US,US/Eastern
28214-9598,Charlotte,Mecklenburg,NC,US,US/Eastern
28215-0054,Charlotte,Mecklenburg,NC,US,US/Eastern
28215-4621,Charlotte,Mecklenburg,NC,US,US/Eastern
28215-8785,Charlotte,Mecklenburg,NC,US,US/Eastern
28217-1833,Charlotte,Mecklenburg,NC,US,US/Eastern
28226-8174,Charlotte,Mecklenburg,NC,US,US/Eastern
28262-8462,Charlotte,Mecklenburg,NC,US,US/Eastern
28269-1270,Charlotte,Mecklenburg,NC,US,US/Eastern
28269-8763,Charlotte,Mecklenburg,NC,US,US/Eastern
28270-0249,Charlotte,Mecklenburg,NC,US,US/Eastern
28270-1244,Charlotte,Mecklenburg,NC,US,US/Eastern
28277-0573,Charlotte,Mecklenburg,NC,US,US/Eastern
28277-8650,Charlotte,Mecklenburg,NC,US,US/Eastern
28278-9528,Charlotte,Mecklenburg,NC,US,US/Eastern
28334,Dunn,Sampson,NC,US,US/Eastern
28573-9204,Pollocksville,Jones,NC,US,US/Eastern
28586-8508,Vanceboro,Craven,NC,US,US/Eastern
28604-9511,Banner Elk,Avery,NC,US,US/Eastern
28625-8724,Statesville,Iredell,NC,US,US/Eastern
28635-9281,Hays,Wilkes,NC,US,US/Eastern
28675,Sparta,Alleghany,NC,US,US/Eastern
28677-9715,Statesville,Iredell,NC,US,US/Eastern
28731-9603,Flat Rock,Henderson,NC,US,US/Eastern
29016-9519,Blythewood,Richland,SC,US,US/Eastern
29036-7808,Chapin,Richland,SC,US,US/Eastern
29042-2611,Denmark,Bamberg,SC,US,US/Eastern
29048-9181,Eutawville,Orangeburg,SC,US,US/Eastern
29053-9339,Gaston,Lexington,SC,US,US/Eastern
29054-8765,Gilbert,Lexington,SC,US,US/Eastern
29054-8987,Gilbert,Lexington,SC,US,US/Eastern
29061-9170,Hopkins,Richland,SC,US,US/Eastern
29063-8034,Irmo,Richland,SC,US,US/Eastern
29063-8484,Irmo,Richland,SC,US,US/Eastern
29063-8561,Irmo,Richland,SC,US,US/Eastern
29063-9400,Irmo,Richland,SC,US,US/Eastern
29070-7236,Leesville,Saluda,SC,US,US/Eastern
29072-9246,Lexington,Lexington,SC,US,US/Eastern
29073-7961,Lexington,Lexington,SC,US,US/Eastern
29104-8948,Mayesville,Sumter,SC,US,US/Eastern
29108-8415,Newberry,Newberry,SC,US,US/Eastern
29115-8462,Orangeburg,Orangeburg,SC,US,US/Eastern
29115-9728,Orangeburg,Orangeburg,SC,US,US/Eastern
29118-8214,Orangeburg,Orangeburg,SC,US,US/Eastern
29118-9222,Orangeburg,Orangeburg,SC,US,US/Eastern
29118-9296,Orangeburg,Orangeburg,SC,US,US/Eastern
29123-9748,Pelion,Lexington,SC,US,US/Eastern
29127-6629,Prosperity,Newberry,SC,US,US/Eastern
29127-9446,Prosperity,Newberry,SC,US,US/Eastern
29128-9382,Rembert,Sumter,SC,US,US/Eastern
29129-9231,Ridge Spring,Saluda,SC,US,US/Eastern
29138-8374,Saluda,Saluda,SC,US,US/Eastern
29160-8916,Swansea,Lexington,SC,US,US/Eastern
29203-9347,Columbia,Richland,SC,US,US/Eastern
29203-9666,Columbia,Richland,SC,US,US/Eastern
29204-1867,Columbia,Richland,SC,US,US/Eastern
29205-1860,Columbia,Richland,SC,US,US/Eastern
29209-9411,Columbia,Richland,SC,US,US/Eastern
29210,Columbia,Richland,SC,US,US/Eastern
29210-7554,Columbia,Richland,SC,US,US/Eastern
29223-4403,Columbia,Richland,SC,US,US/Eastern
29223-8560,Columbia,Richland,SC,US,US/Eastern
29301-5634,Spartanburg,Spartanburg,SC,US,US/Eastern
29303-9433,Spartanburg,Spartanburg,SC,US,US/Eastern
29330-8943,Cowpens,Spartanburg,SC,US,US/Eastern
29330-9758,Cowpens,Spartanburg,SC,US,US/Eastern
29340-2126,Gaffney,Cherokee,SC,US,US/Eastern
29374-2724,Pauline,Spartanburg,SC,US,US/Eastern
29403-5804,Charleston,Charleston,SC,US,US/Eastern
29418-2901,North Charleston,Dorchester,SC,US,US/Eastern
29418-3106,North Charleston,Charleston,SC,US,US/Eastern
29436-3639,Cross,Berkeley,SC,US,US/Eastern
29445-3464,Goose Creek,Berkeley,SC,US,US/Eastern
29450-9778,Huger,Berkeley,SC,US,US/Eastern
29468-3021,Pineville,Berkeley,SC,US,US/Eastern
29477-2411,Saint George,Dorchester,SC,US,US/Eastern
29483-7910,Summerville,Dorchester,SC,US,US/Eastern
29488-5647,Walterboro,Colleton,SC,US,US/Eastern
29501-7404,Florence,Florence,SC,US,US/Eastern
29501-8252,Florence,Florence,SC,US,US/Eastern
29501-9728,Florence,Darlington,SC,US,US/Eastern
29505-9243,Florence,Florence,SC,US,US/Eastern
29506-3223,Florence,Florence,SC,US,US/Eastern
29526-9661,Conway,Horry,SC,US,US/Eastern
29532-4661,Darlington,Darlington,SC,US,US/Eastern
29532-8729,Darlington,Darlington,SC,US,US/Eastern
29540-8726,Darlington,Darlington,SC,US,US/Eastern
29550-2318,Hartsville,Darlington,SC,US,US/Eastern
29555-5235,Johnsonville,Florence,SC,US,US/Eastern
29569-9019,Loris,Horry,SC,US,US/Eastern
29576-7810,Murrells Inlet,Horry,SC,US,US/Eastern
29601-3672,Greenville,Greenville,SC,US,US/Eastern
29605-6428,Greenville,Greenville,SC,US,US/Eastern
29607-2914,Greenville,Greenville,SC,US,US/Eastern
29611-5128,Greenville,Greenville,SC,US,US/Eastern
29611-7429,Greenville,Anderson,SC,US,US/Eastern
29611-7502,Greenville,Anderson,SC,US,US/Eastern
29615-1859,Greenville,Greenville,SC,US,US/Eastern
29617-8104,Greenville,Greenville,SC,US,US/Eastern
29620-4400,Abbeville,Abbeville,SC,US,US/Eastern
29621-4907,Anderson,Anderson,SC,US,US/Eastern
29624-1124,Anderson,Anderson,SC,US,US/Eastern
29624-3009,Anderson,Anderson,SC,US,US/Eastern
29625-6579,Anderson,Anderson,SC,US,US/Eastern
29626-5293,Anderson,Anderson,SC,US,US/Eastern
29627-8337,Belton,Anderson,SC,US,US/Eastern
29627-8394,Belton,Anderson,SC,US,US/Eastern
29627-8426,Belton,Anderson,SC,US,US/Eastern
29627-8858,Belton,Anderson,SC,US,US/Eastern
29627-9108,Belton,Anderson,SC,US,US/Eastern
29630-9571,Central,Pickens,SC,US,US/Eastern
29630-9656,Central,Anderson,SC,US,US/Eastern
29635-9599,Cleveland,Greenville,SC,US,US/Eastern
29642-9547,Easley,Pickens,SC,US,US/Eastern
29645-4180,Gray Court,Laurens,SC,US,US/Eastern
29646-7871,Greenwood,Greenwood,SC,US,US/Eastern
29649-7919,Greenwood,Greenwood,SC,US,US/Eastern
29649-9513,Greenwood,Greenwood,SC,US,US/Eastern
29651-6239,Greer,Spartanburg,SC,US,US/Eastern
29657-9201,Liberty,Pickens,SC,US,US/Eastern
29662-2535,Mauldin,Greenville,SC,US,US/Eastern
29670-9784,Pendleton,Anderson,SC,US,US/Eastern
29672-7539,Seneca,Oconee,SC,US,US/Eastern
29672-7543,Seneca,Oconee,SC,US,US/Eastern
29673-1325,Piedmont,Anderson,SC,US,US/Eastern
29691-1729,Walhalla,Oconee,SC,US,US/Eastern
29692-1442,Ware Shoals,Greenwood,SC,US,US/Eastern
29697-9617,Williamston,Anderson,SC,US,US/Eastern
29710-6442,Clover,York,SC,US,US/Eastern
29710-9623,Clover,York,SC,US,US/Eastern
29720-3806,Lancaster,Lancaster,SC,US,US/Eastern
29720-8336,Lancaster,Lancaster,SC,US,US/Eastern
29726-6770,Mc Connells,York,SC,US,US/Eastern
29728-2273,Pageland,Chesterfield,SC,US,US/Eastern
29732-8678,Rock Hill,York,SC,US,US/Eastern
29745-9103,York,York,SC,US,US/Eastern
29842-8618,Beech Island,Aiken,SC,US,US/Eastern
29853-3633,Williston,Barnwell,SC,US,US/Eastern
29912,Coosawhatchie,Jasper,SC,US,US/Eastern
29936-7756,Ridgeland,Jasper,SC,US,US/Eastern
30002,Avondale Estates,DeKalb,GA,US,US/Eastern
30005-2021,Alpharetta,Fulton,GA,US,US/Eastern
30016-5525,Covington,Newton,GA,US,US/Eastern
30033-1712,Decatur,Dekalb,GA,US,US/Eastern
30078-2132,Snellville,Gwinnett,GA,US,US/Eastern
30223-7130,Griffin,Spalding,GA,US,US/Eastern
30297-3016,Forest Park,Clayton,GA,US,US/Eastern
30305-2907,Atlanta,Fulton,GA,US,US/Eastern
30309-3512,Atlanta,Fulton,GA,US,US/Eastern
30315-7915,Atlanta,Fulton,GA,US,US/Eastern
30324-3323,Atlanta,Fulton,GA,US,US/Eastern
30340-1515,Atlanta,Dekalb,GA,US,US/Eastern
30517-1937,Braselton,Jackson,GA,US,US/Eastern
30606-0708,Athens,Clarke,GA,US,US/Eastern
30705-5921,Chatsworth,Murray,GA,US,US/Eastern
30815-8923,Hephzibah,Richmond,GA,US,US/Eastern
30901-1635,Augusta,Richmond,GA,US,US/Eastern
30901-2725,Augusta,Richmond,GA,US,US/Eastern
30904-5005,Augusta,Richmond,GA,US,US/Eastern
30906-3225,Augusta,Richmond,GA,US,US/Eastern
30906-3420,Augusta,Richmond,GA,US,US/Eastern
30906-4635,Augusta,Richmond,GA,US,US/Eastern
30906-4867,Augusta,Richmond,GA,US,US/Eastern
31008-5523,Byron,Peach,GA,US,US/Eastern
31405-6508,Savannah,Chatham,GA,US,US/Eastern
31501-2054,Waycross,Ware,GA,US,US/Eastern
31513-0075,Baxley,Appling,GA,US,US/Eastern
31705-2275,Albany,Dougherty,GA,US,US/Eastern
32063-2676,Macclenny,Baker,FL,US,US/Eastern
32091-1841,Starke,Bradford,FL,US,US/Eastern
32110-6022,Bunnell,Flagler,FL,US,US/Eastern
32112-5315,Crescent City,Putnam,FL,US,US/Eastern
32205-6261,Jacksonville,Duval,FL,US,US/Eastern
32207-8814,Jacksonville,Duval,FL,US,US/Eastern
32216-4313,Jacksonville,Duval,FL,US,US/Eastern
32216-5910,Jacksonville,Duval,FL,US,US/Eastern
32250-3409,Jacksonville Beach,Duval,FL,US,US/Eastern
32256-8415,Jacksonville,Duval,FL,US,US/Eastern
32304-3404,Tallahassee,Leon,FL,US,US/Eastern
32305-3334,Tallahassee,Leon,FL,US,US/Eastern
32312-9547,Tallahassee,Leon,FL,US,US/Eastern
32352-0733,Quincy,Gadsden,FL,US,US/Eastern
32608-4203,Gainesville,Alachua,FL,US,US/Eastern
32712-2636,Apopka,Orange,FL,US,US/Eastern
32773,Sanford,Seminole,FL,US,US/Eastern
32784-8942,Umatilla,Lake,FL,US,US/Eastern
32789-2829,Winter Park,Orange,FL,US,US/Eastern
32801-3337,Orlando,Orange,FL,US,US/Eastern
32803-4918,Orlando,Orange,FL,US,US/Eastern
32805-1448,Orlando,Orange,FL,US,US/Eastern
32805-5132,Orlando,Orange,FL,US,US/Eastern
32805-6169,Orlando,Orange,FL,US,US/Eastern
32805-6372,Orlando,Orange,FL,US,US/Eastern
32807-3118,Orlando,Orange,FL,US,US/Eastern
32810-4034,Orlando,Orange,FL,US,US/Eastern
32811-5061,Orlando,Orange,FL,US,US/Eastern
32812,Orlando,Orange,FL,US,US/Eastern
32817-3908,Orlando,Orange,FL,US,US/Eastern
32822-3939,Orlando,Orange,FL,US,US/Eastern
32953-4752,Merritt Island,Brevard,FL,US,US/Eastern
33009-2213,Hallandale Beach,Broward,FL,US,US/Eastern
33014-6432,Miami Lakes,Miami-Dade,FL,US,US/Eastern
33020-1808,Hollywood,Broward,FL,US,US/Eastern
33023-3727,Miramar,Broward,FL,US,US/Eastern
33063-4400,Margate,Broward,FL,US,US/Eastern
33150-1937,Miami,Miami-Dade,FL,US,US/Eastern
33157-7728,Cutler Bay,Miami-Dade,FL,US,US/Eastern
33166-2113,Medley,Miami-Dade,FL,US,US/Eastern
33166-7106,Miami Springs,Miami-Dade,FL,US,US/Eastern
33174,Miami,Miami-Dade,FL,US,US/Eastern
33175-3408,Miami,Miami-Dade,FL,US,US/Eastern
33184-2771,Miami,Miami-Dade,FL,US,US/Eastern
33196-6790,Miami,Miami-Dade,FL,US,US/Eastern
33308-2452,Fort Lauderdale,Broward,FL,US,US/Eastern
33309-5911,Fort Lauderdale,Broward,FL,US,US/Eastern
33316-1903,Fort Lauderdale,Broward,FL,US,US/Eastern
33324-4641,Davie,Broward,FL,US,US/Eastern
33331-3627,Weston,Broward,FL,US,US/Eastern
33401-6408,West Palm Beach,Palm Beach,FL,US,US/Eastern
33463-2102,Lake Worth,Palm Beach,FL,US,US/Eastern
33511-2745,Brandon,Hillsborough,FL,US,US/Eastern
33563-7109,Plant City,Hillsborough,FL,US,US/Eastern
33607-4704,Tampa,Hillsborough,FL,US,US/Eastern
33610-7926,Tampa,Hillsborough,FL,US,US/Eastern
33612-4464,Tampa,Hillsborough,FL,US,US/Eastern
33629-6605,Tampa,Hillsborough,FL,US,US/Eastern
33647-3188,Tampa,Hillsborough,FL,US,US/Eastern
33702-4709,Saint Petersburg,Pinellas,FL,US,US/Eastern
33702-6219,Saint Petersburg,Pinellas,FL,US,US/Eastern
33702-6946,Saint Petersburg,Pinellas,FL,US,US/Eastern
33707-3440,Gulfport,Pinellas,FL,US,US/Eastern
33711-2754,Saint Petersburg,Pinellas,FL,US,US/Eastern
33712-3646,Saint Petersburg,Pinellas,FL,US,US/Eastern
33713-5434,Saint Petersburg,Pinellas,FL,US,US/Eastern
33714-1336,Saint Petersburg,Pinellas,FL,US,US/Eastern
33714-3460,Saint Petersburg,Pinellas,FL,US,US/Eastern
33716-2341,Saint Petersburg,Pinellas,FL,US,US/Eastern
33756-1621,Belleair,Pinellas,FL,US,US/Eastern
33763-0918,Clearwater,Pinellas,FL,US,US/Eastern
33903-2239,North Fort Myers,Lee,FL,US,US/Eastern
33903-3802,North Fort Myers,Lee,FL,US,US/Eastern
33956-2828,Saint James City,Lee,FL,US,US/Eastern
33967-2737,Fort Myers,Lee,FL,US,US/Eastern
33973-6015,Lehigh Acres,Lee,FL,US,US/Eastern
34110-6402,Naples,Collier,FL,US,US/Eastern
34205-5759,Bradenton,Manatee,FL,US,US/Eastern
34207-1433,Bradenton,Manatee,FL,US,US/Eastern
34223-2707,Englewood,Sarasota,FL,US,US/Eastern
34293-3136,Venice,Sarasota,FL,US,US/Eastern
34436-4420,Floral City,Citrus,FL,US,US/Eastern
34470-5830,Ocala,Marion,FL,US,US/Eastern
34482-2584,Ocala,Marion,FL,US,US/Eastern
34601-3163,Brooksville,Hernando,FL,US,US/Eastern
34606-1501,Spring Hill,Hernando,FL,US,US/Eastern
34609-0938,Spring Hill,Hernando,FL,US,US/Eastern
34609-5109,Spring Hill,Hernando,FL,US,US/Eastern
34610-1056,Spring Hill,Pasco,FL,US,US/Eastern
34655-3240,New Port Richey,Pasco,FL,US,US/Eastern
34655-4519,New Port Richey,Pasco,FL,US,US/Eastern
34668-5119,Port Richey,Pasco,FL,US,US/Eastern
34691-4939,Holiday,Pasco,FL,US,US/Eastern
34698-4609,Dunedin,Pinellas,FL,US,US/Eastern
34698-4775,Dunedin,Pinellas,FL,US,US/Eastern
34711-8807,Clermont,Lake,FL,US,US/Eastern
34744-1374,Kissimmee,Osceola,FL,US,US/Eastern
34746-4201,Kissimmee,Osceola,FL,US,US/Eastern
34949-8203,Fort Pierce,St. Lucie,FL,US,US/Eastern
37311,Cleveland,Bradley,TN,US,US/Eastern
37604-6528,Johnson City,Washington,TN,US,US/Eastern
37615-3627,Johnson City,Washington,TN,US,US/Eastern
37774,Loudon,Loudon,TN,US,US/Eastern
37821-5546,Newport,Cocke,TN,US,US/Eastern
37919-5955,Knoxville,Knox,TN,US,US/Eastern
37920-3822,Knoxville,Knox,TN,US,US/Eastern
41016-1296,Bromley,Kenton,KY,US,US/Eastern
42776,Sonora,Hardin,KY,US,US/Eastern
43015-8986,Delaware,Delaware,OH,US,US/Eastern
43026-1311,Hilliard,Franklin,OH,US,US/Eastern
43040-9111,Marysville,Union,OH,US,US/Eastern
43055-9537,Newark,Licking,OH,US,US/Eastern
43085,Columbus,Franklin,OH,US,US/Eastern
43102-9308,Amanda,Fairfield,OH,US,US/Eastern
43125-9490,Groveport,Franklin,OH,US,US/Eastern
43143-9528,Mount Sterling,Pickaway,OH,US,US/Eastern
43203-1447,Columbus,Franklin,OH,US,US/Eastern
43227-1848,Columbus,Franklin,OH,US,US/Eastern
43229-1122,Columbus,Franklin,OH,US,US/Eastern
43230-2461,Columbus,Franklin,OH,US,US/Eastern
43447-9476,Millbury,Wood,OH,US,US/Eastern
43462,Rudolph,Wood,OH,US,US/Eastern
43607-2306,Toledo,Lucas,OH,US,US/Eastern
43614-5401,Toledo,Lucas,OH,US,US/Eastern
43756-9123,Mcconnelsville,Morgan,OH,US,US/Eastern
44024-9065,Chardon,Geauga,OH,US,US/Eastern
44143-2942,Cleveland,Cuyahoga,OH,US,US/Eastern
44266-8739,Ravenna,Portage,OH,US,US/Eastern
44305-3262,Akron,Summit,OH,US,US/Eastern
44807-9536,Attica,Seneca,OH,US,US/Eastern
45107-8343,Blanchester,Warren,OH,US,US/Eastern
45157,New Richmond,Clermont,OH,US,US/Eastern
45177-1558,Wilmington,Clinton,OH,US,US/Eastern
45209-1303,Cincinnati,Hamilton,OH,US,US/Eastern
45213-1607,Cincinnati,Hamilton,OH,US,US/Eastern
45331-9685,Greenville,Darke,OH,US,US/Eastern
45335-1667,Jamestown,Greene,OH,US,US/Eastern
45345-9716,New Lebanon,Montgomery,OH,US,US/Eastern
45385-7326,Xenia,Greene,OH,US,US/Eastern
45402-2130,Dayton,Montgomery,OH,US,US/Eastern
45402-6256,Dayton,Montgomery,OH,US,US/Eastern
45403-2228,Dayton,Montgomery,OH,US,US/Eastern
45405-5135,Dayton,Montgomery,OH,US,US/Eastern
45409-2405,Oakwood,Montgomery,OH,US,US/Eastern
45415-2244,Dayton,Montgomery,OH,US,US/Eastern
45415-3643,Dayton,Montgomery,OH,US,US/Eastern
45417-1524,Dayton,Montgomery,OH,US,US/Eastern
45417-1821,Dayton,Montgomery,OH,US,US/Eastern
45417-6322,Dayton,Montgomery,OH,US,US/Eastern
45426-3350,Dayton,Montgomery,OH,US,US/Eastern
45449-2816,Dayton,Montgomery,OH,US,US/Eastern
45449-3617,Dayton,Montgomery,OH,US,US/Eastern
45449-4019,Dayton,Montgomery,OH,US,US/Eastern
45458-4401,Dayton,Montgomery,OH,US,US/Eastern
45459-3827,Dayton,Montgomery,OH,US,US/Eastern
46077-9114,Zionsville,Marion,IN,US,US/Eastern
46122-1125,Danville,Hendricks,IN,US,US/Eastern
46122-9328,Danville,Hendricks,IN,US,US/Eastern
46168-8821,Plainfield,Hendricks,IN,US,US/Eastern
46176-9653,Shelbyville,Shelby,IN,US,US/Eastern
46201-3666,Indianapolis,Marion,IN,US,US/Eastern
46203-4040,Indianapolis,Marion,IN,US,US/Eastern
46203-5058,Indianapolis,Marion,IN,US,US/Eastern
46203-6106,Indianapolis,Marion,IN,US,US/Eastern
46205-3859,Indianapolis,Marion,IN,US,US/Eastern
46218-3476,Indianapolis,Marion,IN,US,US/Eastern
46219-1943,Indianapolis,Marion,IN,US,US/Eastern
46219-2603,Indianapolis,Marion,IN,US,US/Eastern
46220-2040,Indianapolis,Marion,IN,US,US/Eastern
46225-1613,Indianapolis,Marion,IN,US,US/Eastern
46236-9750,Indianapolis,Marion,IN,US,US/Eastern
46240-3407,Indianapolis,Marion,IN,US,US/Eastern
46241-0848,Indianapolis,Marion,IN,US,US/Eastern
46256-3617,Indianapolis,Marion,IN,US,US/Eastern
46259-9815,Indianapolis,Marion,IN,US,US/Eastern
46845-8925,Fort Wayne,Allen,IN,US,US/Eastern
47043-3517,Vevay,Switzerland,IN,US,US/Eastern
47201-8856,Columbus,Bartholomew,IN,US,US/Eastern
47304-9158,Muncie,Delaware,IN,US,US/Eastern
47330-9620,Centerville,Wayne,IN,US,US/Eastern
47374-3801,Richmond,Wayne,IN,US,US/Eastern
47374-4040,Richmond,Wayne,IN,US,US/Eastern
47960,Monticello,White,IN,US,US/Eastern
48003-8506,Almont,Lapeer,MI,US,US/Eastern
48063,Columbus,St. Clair,MI,US,US/Eastern
48091-2846,Warren,Macomb,MI,US,US/Eastern
48092-4641,Warren,Macomb,MI,US,US/Eastern
48141-2936,Inkster,Wayne,MI,US,US/Eastern
48158-9469,Manchester,Washtenaw,MI,US,US/Eastern
48205-3298,Detroit,Wayne,MI,US,US/Eastern
48219-1728,Detroit,Wayne,MI,US,US/Eastern
48313-2525,Sterling Heights,Macomb,MI,US,US/Eastern
48420-1218,Clio,Genesee,MI,US,US/Eastern
48420-1726,Clio,Genesee,MI,US,US/Eastern
48420-1961,Clio,Genesee,MI,US,US/Eastern
48421-9358,Columbiaville,Lapeer,MI,US,US/Eastern
48430-1366,Fenton,Genesee,MI,US,US/Eastern
48430-2760,Fenton,Genesee,MI,US,US/Eastern
48433-2906,Flushing,Genesee,MI,US,US/Eastern
48438-8812,Goodrich,Genesee,MI,US,US/Eastern
48439-9576,Grand Blanc,Genesee,MI,US,US/Eastern
48463-9401,Otisville,Genesee,MI,US,US/Eastern
48463-9719,Otisville,Genesee,MI,US,US/Eastern
48503-1183,Flint,Genesee,MI,US,US/Eastern
48503-4616,Flint,Genesee,MI,US,US/Eastern
48504-1104,Flint,Genesee,MI,US,US/Eastern
48505-1658,Flint,Genesee,MI,US,US/Eastern
48505-3610,Flint,Genesee,MI,US,US/Eastern
48506-1516,Flint,Genesee,MI,US,US/Eastern
48506-2622,Flint,Genesee,MI,US,US/Eastern
48507-3823,Flint,Genesee,MI,US,US/Eastern
48640-9140,Midland,Midland,MI,US,US/Eastern
48823-4903,East Lansing,Ingham,MI,US,US/Eastern
48843-9407,Howell,Livingston,MI,US,US/Eastern
49008-2407,Kalamazoo,Kalamazoo,MI,US,US/Eastern
49079,Paw Paw,Van Buren,MI,US,US/Eastern
49202-3520,Jackson,Jackson,MI,US,US/Eastern
49221-1139,Adrian,Lenawee,MI,US,US/Eastern
49307,Big Rapids,Mecosta,MI,US,US/Eastern
49321-8997,Comstock Park,Kent,MI,US,US/Eastern
49417-1947,Grand Haven,Ottawa,MI,US,US/Eastern
49503-1420,Grand Rapids,Kent,MI,US,US/Eastern
49503-1519,Grand Rapids,Kent,MI,US,US/Eastern
49503-3472,Grand Rapids,Kent,MI,US,US/Eastern
49504-3867,Grand Rapids,Kent,MI,US,US/Eastern
49504-4244,Grand Rapids,Kent,MI,US,US/Eastern
49504-6257,Grand Rapids,Kent,MI,US,US/Eastern
49504-6349,Grand Rapids,Kent,MI,US,US/Eastern
49504-6405,Grand Rapids,Kent,MI,US,US/Eastern
49506-2613,Grand Rapids,Kent,MI,US,US/Eastern
49507-1065,Grand Rapids,Kent,MI,US,US/Eastern
49507-1536,Grand Rapids,Kent,MI,US,US/Eastern
49507-2951,Grand Rapids,Kent,MI,US,US/Eastern
49721-8953,Cheboygan,Cheboygan,MI,US,US/Eastern
01007-9173,Belchertown,Hampshire,MA,US,US/Eastern
01468-1425,Templeton,Worcester,MA,US,US/Eastern
01501-1645,Auburn,Worcester,MA,US,US/Eastern
01562-2709,Spencer,Worcester,MA,US,US/Eastern
01730-1408,Bedford,Middlesex,MA,US,US/Eastern
01801-1741,Woburn,Middlesex,MA,US,US/Eastern
01821-5063,Billerica,Middlesex,MA,US,US/Eastern
01821-6314,Billerica,Middlesex,MA,US,US/Eastern
01864-1326,North Reading,Middlesex,MA,US,US/Eastern
01864-2982,North Reading,Middlesex,MA,US,US/Eastern
01867-1954,Reading,Middlesex,MA,US,US/Eastern
01913-4022,Amesbury,Essex,MA,US,US/Eastern
01923-1020,Danvers,Essex,MA,US,US/Eastern
02114-1616,Boston,Suffolk,MA,US,US/Eastern
02116-3702,Boston,Suffolk,MA,US,US/Eastern
02116-3807,Boston,Suffolk,MA,US,US/Eastern
02116-5418,Boston,Suffolk,MA,US,US/Eastern
02120-3403,Roxbury Crossing,Suffolk,MA,US,US/Eastern
02122-3412,Dorchester,Suffolk,MA,US,US/Eastern
02130-1738,Jamaica Plain,Suffolk,MA,US,US/Eastern
02135-1611,Brighton,Suffolk,MA,US,US/Eastern
02143-2006,Somerville,Middlesex,MA,US,US/Eastern
02150-3601,Chelsea,Suffolk,MA,US,US/Eastern
02151-1758,Revere,Suffolk,MA,US,US/Eastern
02188-4012,Weymouth,Norfolk,MA,US,US/Eastern
02301-4310,Brockton,Plymouth,MA,US,US/Eastern
02301-6482,Brockton,Plymouth,MA,US,US/Eastern
02332-3418,Duxbury,Plymouth,MA,US,US/Eastern
02351-2439,Abington,Plymouth,MA,US,US/Eastern
02359-2807,Pembroke,Plymouth,MA,US,US/Eastern
02370-2633,Rockland,Plymouth,MA,US,US/Eastern
02452-3005,Waltham,Middlesex,MA,US,US/Eastern
02452-5785,Waltham,Middlesex,MA,US,US/Eastern
02467-4003,Chestnut Hill,Middlesex,MA,US,US/Eastern
02492-2026,Needham,Norfolk,MA,US,US/Eastern
02493-1540,Weston,Middlesex,MA,US,US/Eastern
02760-2917,North Attleboro,Bristol,MA,US,US/Eastern
02769-3007,Rehoboth,Bristol,MA,US,US/Eastern
02770-4021,Rochester,Plymouth,MA,US,US/Eastern
03441-2604,Ashuelot,Cheshire,NH,US,US/Eastern
03833-2619,Exeter,Rockingham,NH,US,US/Eastern
03835-4110,Farmington,Strafford,NH,US,US/Eastern
03865-2408,Plaistow,Rockingham,NH,US,US/Eastern
05647,Cabot,Washington,VT,US,US/Eastern
06029-3859,Ellington,Tolland,CT,US,US/Eastern
06063,Barkhamsted,Litchfield,CT,US,US/Eastern
06111,Newington,Hartford,CT,US,US/Eastern
06120-1507,Hartford,Hartford,CT,US,US/Eastern
06242-9423,Eastford,Windham,CT,US,US/Eastern
06278-1546,Ashford,Windham,CT,US,US/Eastern
06416-1418,Cromwell,Middlesex,CT,US,US/Eastern
06416-2124,Cromwell,Middlesex,CT,US,US/Eastern
06424-3030,East Hampton,Middlesex,CT,US,US/Eastern
06787-1824,Thomaston,Litchfield,CT,US,US/Eastern
07032-4529,Kearny,Hudson,NJ,US,US/Eastern
07039-4501,Livingston,Essex,NJ,US,US/Eastern
07044-1705,Verona,Essex,NJ,US,US/Eastern
07052-4024,West Orange,Essex,NJ,US,US/Eastern
07076-2806,Scotch Plains,Union,NJ,US,US/Eastern
07095-3116,Woodbridge,Middlesex,NJ,US,US/Eastern
07102-1905,Newark,Essex,NJ,US,US/Eastern
07103-1741,Newark,Essex,NJ,US,US/Eastern
07103-3608,Newark,Essex,NJ,US,US/Eastern
07304-1330,Jersey City,Hudson,NJ,US,US/Eastern
07305-4212,Jersey City,Hudson,NJ,US,US/Eastern
07601-1131,Hackensack,Bergen,NJ,US,US/Eastern
07840-1368,Hackettstown,Warren,NJ,US,US/Eastern
07945-1501,Mendham,Morris,NJ,US,US/Eastern
07960-3209,Morristown,Morris,NJ,US,US/Eastern
07960-3525,Morristown,Morris,NJ,US,US/Eastern
07974-2633,New Providence,Union,NJ,US,US/Eastern
08021-4328,Clementon,Camden,NJ,US,US/Eastern
08080-4230,Sewell,Gloucester,NJ,US,US/Eastern
08094-3815,Williamstown,Gloucester,NJ,US,US/Eastern
08619,Trenton,Mercer,NJ,US,US/Eastern
08817-4856,Edison,Middlesex,NJ,US,US/Eastern
08865-9721,Phillipsburg,Warren,NJ,US,US/Eastern
08884-1604,Spotswood,Middlesex,NJ,US,US/Eastern
08901-2665,New Brunswick,Middlesex,NJ,US,US/Eastern
10003-3805,New York,New York,NY,US,US/Eastern
10011-1096,New York,New York,NY,US,US/Eastern
10029-7305,New York,New York,NY,US,US/Eastern
10034-1129,New York,New York,NY,US,US/Eastern
10075-0804,New York,New York,NY,US,US/Eastern
10309,Staten Island,Richmond,NY,US,US/Eastern
10474-6227,Bronx,Bronx,NY,US,US/Eastern
10566-3805,Peekskill,Westchester,NY,US,US/Eastern
10603,White Plains,Westchester,NY,US,US/Eastern
10710-1216,Yonkers,Westchester,NY,US,US/Eastern
10940-5230,Middletown,Orange,NY,US,US/Eastern
11204-5203,Brooklyn,Kings,NY,US,US/Eastern
11205,Brooklyn,Kings,NY,US,US/Eastern
11218-4602,Brooklyn,Kings,NY,US,US/Eastern
11226-2402,Brooklyn,Kings,NY,US,US/Eastern
11233-3202,Brooklyn,Kings,NY,US,US/Eastern
11236,Brooklyn,Kings,NY,US,US/Eastern
11362-2434,Little Neck,Queens,NY,US,US/Eastern
11368-2627,Corona,Queens,NY,US,US/Eastern
11374-2730,Rego Park,Queens,NY,US,US/Eastern
11378-2814,Maspeth,Queens,NY,US,US/Eastern
11412-3725,Saint Albans,Queens,NY,US,US/Eastern
11420-2804,South Ozone Park,Queens,NY,US,US/Eastern
11422-1470,Rosedale,Queens,NY,US,US/Eastern
11520-2207,Freeport,Nassau,NY,US,US/Eastern
11590-5238,Westbury,Nassau,NY,US,US/Eastern
11702-2107,Babylon,Suffolk,NY,US,US/Eastern
11720-1000,South Setauket,Suffolk,NY,US,US/Eastern
11725-3124,Commack,Suffolk,NY,US,US/Eastern
11735-1711,Farmingdale,Suffolk,NY,US,US/Eastern
11746-5829,Dix Hills,Suffolk,NY,US,US/Eastern
11776-2563,Port Jefferson Station,Suffolk,NY,US,US/Eastern
11780-2526,Saint James,Suffolk,NY,US,US/Eastern
11784-2409,Selden,Suffolk,NY,US,US/Eastern
11787-5000,Smithtown,Suffolk,NY,US,US/Eastern
11801-3125,Hicksville,Nassau,NY,US,US/Eastern
11968-5213,Southampton,Suffolk,NY,US,US/Eastern
12027-9516,Burnt Hills,Saratoga,NY,US,US/Eastern
12037-1327,Chatham,Columbia,NY,US,US/Eastern
12043-7500,Cobleskill,Schoharie,NY,US,US/Eastern
12074-2507,Galway,Saratoga,NY,US,US/Eastern
12093-4111,Jefferson,Schoharie,NY,US,US/Eastern
12196-1931,West Sand Lake,Rensselaer,NY,US,US/Eastern
12196-2801,West Sand Lake,Rensselaer,NY,US,US/Eastern
12468-1506,Prattsville,Greene,NY,US,US/Eastern
12484-5603,Stone Ridge,Ulster,NY,US,US/Eastern
12518-1263,Cornwall,Orange,NY,US,US/Eastern
12569-7835,Pleasant Valley,Dutchess,NY,US,US/Eastern
12803-5500,South Glens Falls,Saratoga,NY,US,US/Eastern
12849-4811,Middle Granville,Washington,NY,US,US/Eastern
12953-2704,Malone,Franklin,NY,US,US/Eastern
13057-2541,East Syracuse,Onondaga,NY,US,US/Eastern
13078-9501,Jamesville,Onondaga,NY,US,US/Eastern
13208-2354,Syracuse,Onondaga,NY,US,US/Eastern
13309-3606,Boonville,Oneida,NY,US,US/Eastern
13323-1406,Clinton,Oneida,NY,US,US/Eastern
13421-9402,Oneida,Oneida,NY,US,US/Eastern
13438-4301,Remsen,Oneida,NY,US,US/Eastern
13478-3019,Verona,Oneida,NY,US,US/Eastern
13835-1108,Richford,Tioga,NY,US,US/Eastern
14218,Buffalo,Erie,NY,US,US/Eastern
14445-2251,East Rochester,Monroe,NY,US,US/Eastern
14450-1432,Fairport,Monroe,NY,US,US/Eastern
14450-1570,Fairport,Monroe,NY,US,US/Eastern
14468-9210,Hilton,Monroe,NY,US,US/Eastern
14472-9768,Honeoye Falls,Monroe,NY,US,US/Eastern
14534-2816,Pittsford,Monroe,NY,US,US/Eastern
14546-9610,Scottsville,Monroe,NY,US,US/Eastern
14546-9765,Scottsville,Monroe,NY,US,US/Eastern
14580-8536,Webster,Monroe,NY,US,US/Eastern
14580-8977,Webster,Monroe,NY,US,US/Eastern
14607-1309,Rochester,Monroe,NY,US,US/Eastern
14609-2215,Rochester,Monroe,NY,US,US/Eastern
14609-6511,Rochester,Monroe,NY,US,US/Eastern
14613-1562,Rochester,Monroe,NY,US,US/Eastern
14617-2131,Rochester,Monroe,NY,US,US/Eastern
14620-1246,Rochester,Monroe,NY,US,US/Eastern
14621-2225,Rochester,Monroe,NY,US,US/Eastern
14621-3850,Rochester,Monroe,NY,US,US/Eastern
14623-2352,Rochester,Monroe,NY,US,US/Eastern
14623-3968,Rochester,Monroe,NY,US,US/Eastern
14624-4064,Rochester,Monroe,NY,US,US/Eastern
14625-2808,Rochester,Monroe,NY,US,US/Eastern
14626-2720,Rochester,Monroe,NY,US,US/Eastern
14879,Savona,Steuben,NY,US,US/Eastern
15052,Industry,Beaver,PA,US,US/Eastern
15146-2711,Monroeville,Allegheny,PA,US,US/Eastern
15202-1760,Pittsburgh,Allegheny,PA,US,US/Eastern
15202-3419,Pittsburgh,Allegheny,PA,US,US/Eastern
15210-1418,Pittsburgh,Allegheny,PA,US,US/Eastern
15212-4724,Pittsburgh,Allegheny,PA,US,US/Eastern
15216-2344,Pittsburgh,Allegheny,PA,US,US/Eastern
15222-4652,Pittsburgh,Allegheny,PA,US,US/Eastern
15224-1301,Pittsburgh,Allegheny,PA,US,US/Eastern
15753-7056,La Jose,Clearfield,PA,US,US/Eastern
15770-8321,Ringgold,Jefferson,PA,US,US/Eastern
15849-8206,Penfield,Clearfield,PA,US,US/Eastern
16046-3062,Mars,Butler,PA,US,US/Eastern
16365-2515,Warren,Warren,PA,US,US/Eastern
16404-6453,Centerville,Crawford,PA,US,US/Eastern
16505-3715,Erie,Erie,PA,US,US/Eastern
16639,Fallentimber,Cambria,PA,US,US/Eastern
16833-6749,Curwensville,Clearfield,PA,US,US/Eastern
16912-1024,Blossburg,Tioga,PA,US,US/Eastern
17003-9515,Annville,Lebanon,PA,US,US/Eastern
17036-9137,Hummelstown,Dauphin,PA,US,US/Eastern
17042-8906,Lebanon,Lebanon,PA,US,US/Eastern
17302-8817,Airville,York,PA,US,US/Eastern
17315-4664,Dover,York,PA,US,US/Eastern
17325-3301,Gettysburg,Adams,PA,US,US/Eastern
17331-3532,Hanover,York,PA,US,US/Eastern
17331-6814,Hanover,York,PA,US,US/Eastern
17331-8744,Hanover,Adams,PA,US,US/Eastern
17331-9570,Hanover,York,PA,US,US/Eastern
17403-1926,York,York,PA,US,US/Eastern
17408-8503,York,York,PA,US,US/Eastern
17522-9212,Ephrata,Lancaster,PA,US,US/Eastern
17522-9405,Ephrata,Lancaster,PA,US,US/Eastern
17543-9163,Lititz,Lancaster,PA,US,US/Eastern
